{"class_distribution": {"oj": 335, "mO": 333, "v2m": 31, "nR": 313, "q2": 337, "p2": 341, "BBX": 22, "k5": 351, "MA": 32, "rE": 341, "G7": 28, "Rq": 31, "8m": 33, "jR": 401, "o2j": 26, "YK": 32, "Dkx": 29, "7j": 22, "Pw": 31, "wR": 26, "gJY": 29, "mZO": 33, "gY": 320, "ZJ": 28, "ADO": 33, "2K": 29, "zY": 26, "Lw": 34, "l5": 353, "KR": 34, "Op": 27, "5B": 32, "x9": 33, "qx2": 26, "xk9": 23, "BX": 20, "zpY": 34, "Ev": 46, "VM": 30, "Ql": 32, "XW": 29, "vm": 33, "N6": 35, "wpR": 22, "lY5": 47, "yP7": 35, "0v": 30, "rkE": 34, "6n": 32, "1R": 36, "Dx": 30, "kR5": 29, "y7": 22, "pY2": 23, "n5R": 33, "9x": 24, "AO": 22, "WJ": 25, "3M": 35, "jRR": 15, "J2": 22, "41": 28}, "entropy_distribution": {"jR": 4.7255824758769815, "k5": 4.547488527443317, "l5": 4.4737040554244665, "mO": 4.665184181087354, "nR": 4.783745490896134, "oj": 4.553671872587693, "p2": 4.665226565669302, "q2": 4.507561023480659, "rE": 4.664413285875219, "vm": 4.450115251893512, "wR": 4.815703635800816, "x9": 4.66364081848048, "y7": 4.368999121726781, "zY": 4.6078579762099485, "AO": 4.604902332775346, "BX": 4.807634141557786, "Dx": 4.602607462931473, "Ev": 4.673052960205194, "G7": 4.438850345552867, "J2": 4.80808633416937, "KR": 4.734828287121886, "Lw": 4.579159106065329, "MA": 4.773184073993869, "N6": 4.550508795140696, "Op": 4.750042707615039, "Pw": 4.465138716565579, "Ql": 4.62502245190656, "Rq": 4.558855350821039, "VM": 4.742505961496359, "WJ": 4.63005416881575, "XW": 4.666130756298795, "YK": 4.883037220065625, "ZJ": 4.703652512361518, "1R": 4.264660226661932, "2K": 4.563399790095602, "3M": 4.7847234814803, "41": 4.655877886000395, "5B": 4.6713178041354055, "6n": 4.6192399410647145, "7j": 4.758327900280766, "8m": 4.472096158350103, "9x": 4.666651864173004, "0v": 4.710983144165032, "gJY": 4.746045038943036, "jRR": 4.548102267196698, "kR5": 4.610240960939538, "lY5": 4.437246858489687, "mZO": 4.652357620691659, "n5R": 4.623131382119021, "o2j": 4.681640484249376}, "client_selection": {"jR": 0.04, "k5": 0.04, "l5": 0.08, "mO": 0.08, "nR": 0.08, "oj": 0.04, "p2": 0.04, "q2": 0.04, "rE": 0.08, "vm": 0.04, "wR": 0, "x9": 0.04, "y7": 0.04, "zY": 0.04, "AO": 0.04, "BX": 0.08, "Dx": 0, "Ev": 0, "G7": 0, "J2": 0.08, "KR": 0.08, "Lw": 0.04, "MA": 0.04, "N6": 0.04, "Op": 0.04, "Pw": 0.08, "Ql": 0.04, "Rq": 0, "VM": 0.08, "WJ": 0.04, "XW": 0.08, "YK": 0.08, "ZJ": 0.04, "1R": 0.08, "2K": 0.04, "3M": 0.08, "41": 0.04, "5B": 0.04, "6n": 0.04, "7j": 0.04, "8m": 0.08, "9x": 0, "0v": 0.08, "gJY": 0.04, "jRR": 0.08, "kR5": 0.08, "lY5": 0.04, "mZO": 0, "n5R": 0.04, "o2j": 0.04}}