{"class_distribution": {"oj": 71, "mO": 66, "v2m": 6, "nR": 61, "q2": 63, "p2": 70, "BBX": 5, "k5": 77, "MA": 6, "rE": 73, "G7": 8, "Rq": 7, "8m": 6, "jR": 72, "o2j": 4, "YK": 8, "Dkx": 7, "7j": 6, "Pw": 5, "wR": 6, "gJY": 3, "mZO": 7, "gY": 65, "ZJ": 5, "ADO": 4, "2K": 3, "zY": 6, "Lw": 7, "l5": 76, "KR": 7, "Op": 5, "5B": 7, "x9": 6, "qx2": 7, "xk9": 6, "BX": 6, "zpY": 8, "Ev": 6, "VM": 6, "Ql": 5, "XW": 5, "vm": 8, "N6": 7, "wpR": 2, "lY5": 9, "yP7": 4, "0v": 8, "rkE": 5, "6n": 7, "1R": 7, "Dx": 7, "kR5": 6, "y7": 6, "pY2": 6, "n5R": 5, "9x": 4, "AO": 4, "WJ": 2, "3M": 4, "jRR": 1, "J2": 6, "41": 1}, "entropy_distribution": {"jR": 4.7255824758769815, "k5": 4.547488527443317, "l5": 4.4737040554244665, "mO": 4.665184181087354, "nR": 4.783745490896134, "oj": 4.553671872587693, "p2": 4.665226565669302, "q2": 4.507561023480659, "rE": 4.664413285875219, "vm": 4.450115251893512}, "client_selection": {"jR": 0.7, "k5": 0.5, "l5": 0.4, "mO": 0.6, "nR": 0.7, "oj": 0.5, "p2": 0.5, "q2": 0.8999999999999999, "rE": 0.5, "vm": 0.7}}