{"class_distribution": {"oj": 1379, "mO": 1395, "v2m": 124, "nR": 1348, "q2": 1386, "p2": 1399, "BBX": 95, "k5": 1376, "MA": 114, "rE": 1430, "G7": 111, "Rq": 128, "8m": 121, "jR": 1609, "o2j": 120, "YK": 125, "Dkx": 114, "7j": 104, "Pw": 130, "wR": 109, "gJY": 118, "mZO": 119, "gY": 1346, "ZJ": 116, "ADO": 121, "2K": 116, "zY": 93, "Lw": 125, "l5": 1414, "KR": 142, "Op": 115, "5B": 130, "x9": 143, "qx2": 86, "xk9": 116, "BX": 110, "zpY": 114, "Ev": 204, "VM": 109, "Ql": 115, "XW": 119, "vm": 128, "N6": 123, "wpR": 122, "lY5": 226, "yP7": 137, "0v": 131, "rkE": 124, "6n": 120, "1R": 117, "Dx": 106, "kR5": 108, "y7": 97, "pY2": 104, "n5R": 121, "9x": 116, "AO": 100, "WJ": 96, "3M": 125, "jRR": 75, "J2": 82, "41": 117}, "entropy_distribution": {"jR": 4.7255824758769815, "k5": 4.547488527443317, "l5": 4.4737040554244665, "mO": 4.665184181087354, "nR": 4.783745490896134, "oj": 4.553671872587693, "p2": 4.665226565669302, "q2": 4.507561023480659, "rE": 4.664413285875219, "vm": 4.450115251893512, "wR": 4.815703635800816, "x9": 4.66364081848048, "y7": 4.368999121726781, "zY": 4.6078579762099485, "AO": 4.604902332775346, "BX": 4.807634141557786, "Dx": 4.602607462931473, "Ev": 4.673052960205194, "G7": 4.438850345552867, "J2": 4.80808633416937, "KR": 4.734828287121886, "Lw": 4.579159106065329, "MA": 4.773184073993869, "N6": 4.550508795140696, "Op": 4.750042707615039, "Pw": 4.465138716565579, "Ql": 4.62502245190656, "Rq": 4.558855350821039, "VM": 4.742505961496359, "WJ": 4.63005416881575, "XW": 4.666130756298795, "YK": 4.883037220065625, "ZJ": 4.703652512361518, "1R": 4.264660226661932, "2K": 4.563399790095602, "3M": 4.7847234814803, "41": 4.655877886000395, "5B": 4.6713178041354055, "6n": 4.6192399410647145, "7j": 4.758327900280766, "8m": 4.472096158350103, "9x": 4.666651864173004, "0v": 4.710983144165032, "gJY": 4.746045038943036, "jRR": 4.548102267196698, "kR5": 4.610240960939538, "lY5": 4.437246858489687, "mZO": 4.652357620691659, "n5R": 4.623131382119021, "o2j": 4.681640484249376, "pY2": 4.421588295965591, "qx2": 4.516626285974137, "rkE": 4.559866181054517, "v2m": 4.5021707638073325, "wpR": 4.434015301262488, "xk9": 4.704615299851812, "yP7": 4.394056285140366, "zpY": 4.844600757670877, "ADO": 4.67511260064402, "BBX": 4.601376007405343, "Dkx": 4.583540196946506, "ERv": 4.478869482395208, "G67": 4.697577323364696, "J62": 4.667628751138642, "KrR": 4.436129625697788, "L9w": 4.639421886719311, "M8A": 4.544078432206844, "Nk6": 4.806930166648259, "OYp": 4.583437349037574, "PNw": 4.426152790234967, "QWl": 4.738134751166791, "R6q": 4.4981449811251455, "VOM": 4.598088855247586, "W6J": 4.658877785179455, "XDW": 4.461433386695595, "YEK": 4.712827800256809, "Z6J": 4.579862423412577, "1wR": 4.448257573355947, "2kK": 4.596492249210022, "31M": 4.66016126151182, "4x1": 4.719348881479392, "5yB": 4.705789182830356, "68n": 4.578911323697245, "73j": 4.571876281613792, "82m": 4.6862924803215895, "9rx": 4.578471100555863, "0Rv": 4.804918525482323, "g5Y": 4.721922459779063, "j2R": 4.5147086631264495, "k55": 4.606444538498118, "lO5": 4.627109922017586, "mwO": 4.65882290592628, "nZR": 4.679975278095352, "oYj": 4.719200189194203, "pg2": 4.753154655951369, "qj2": 4.752626407927144, "r0E": 4.7722956724955425, "vgm": 4.695254913945455, "wjR": 4.701057959977532, "g56": 4.74949071516424, "j25": 4.67459697045167, "k5X": 4.5496060361408555, "lO6": 4.674235149338878, "mw0": 4.735891575193453, "nZl": 4.326511058187107, "oYK": 4.878523949259904, "pg6": 4.822682062441792, "qjr": 4.680688216449332, "r06": 4.559245340524153, "vgr": 4.695246717745054, "wjw": 4.776808946050244, "xGr": 4.598001766040609, "y8W": 4.491411422146047, "zm8": 4.125218210933558, "Anz": 4.694296669247536, "BgJ": 4.574655597095034, "DRn": 4.752990776818358, "Elk": 4.759384148782595, "GZ0": 4.64722583465553, "JZo": 4.5858018308916915, "KOn": 4.554326249652286, "Lg4": 4.674716470844588, "Mj3": 4.38156337166225, "Nxz": 4.650248964440214, "O7N": 4.80848810033261, "P1n": 4.787949807436266, "Q1Y": 4.645723306064046, "RgR": 4.360812743555842, "Vm1": 4.371999131098024, "Wng": 4.696756674977426, "X6m": 4.629007680355443, "Yvp": 4.504024384409546, "ZV6": 4.747459466960417, "1rj": 4.521958552922516, "2vv": 4.586122157705083, "32Q": 4.474120546400145, "4R6": 4.424459174432526, "59R": 4.393761994400801, "6R9": 4.654816057106509, "7LA": 4.555237086107106, "86o": 4.610121802076877, "9Q3": 4.634256168509219, "0VX": 4.650818432780637, "gL6": 4.587354481421483, "jq5": 4.518465999421928, "kZX": 4.624690226595365, "l56": 4.66167578256639, "mQ0": 4.665213001936779, "nrl": 4.576838597425546, "oQK": 4.615118931147291, "pQ6": 4.790019188070969, "qYr": 4.744321471832965, "rR6": 4.47800246623499, "vor": 4.841834147618941, "wmw": 4.735710419947591, "xvr": 4.784223620765971, "yrW": 4.744832280939863, "zK8": 4.700115032720724, "APz": 4.798077417264855, "BLJ": 4.5526040877378415, "D9n": 4.821395665307338, "E9k": 4.3703610779020385, "G50": 4.577851690851768, "Jqo": 4.648374320568452, "KZn": 4.490133499899545, "L84": 4.447056934865835, "MQ3": 4.2484239696032855, "N9z": 4.568193457254705, "OyN": 4.527216194035986, "PZn": 4.4174653817159975, "Q0Y": 4.85276739514642, "RoR": 4.645549084231028, "VP1": 4.751546094174197, "W7g": 4.796334777340791, "Xom": 4.717238910587835, "YWp": 4.464211434932385, "ZY6": 4.4291521863826615, "1Wj": 4.712354726087836, "2xv": 4.59017301314622, "3QQ": 4.597433251052103, "4Q6": 4.668054539779547, "5QR": 4.654281877622996, "6X9": 4.449928882019684, "71A": 4.698670521988908, "81o": 4.685646947587787, "913": 4.581720071340737, "0YX": 4.485504649019504, "gZ6": 4.644347184680832, "jZ5": 4.533258196287877, "k8X": 4.614100251546731, "lx6": 4.594694229316427, "mO0": 4.562808947022154, "nxl": 4.691899689292496, "oVK": 4.700051018145525, "p86": 4.562808947022154, "q7r": 4.540160276625704, "r86": 4.500107369419653, "vlr": 4.57421983257417, "wVw": 4.496307210806246, "gZ9": 4.359489703829753}, "client_selection": {"jR": 0, "k5": 0, "l5": 0, "mO": 0, "nR": 0, "oj": 0, "p2": 0, "q2": 0, "rE": 0, "vm": 0, "wR": 0.0033333333333333335, "x9": 0, "y7": 0, "zY": 0, "AO": 0, "BX": 0, "Dx": 0.0033333333333333335, "Ev": 0.0033333333333333335, "G7": 0, "J2": 0, "KR": 0.0033333333333333335, "Lw": 0, "MA": 0, "N6": 0, "Op": 0, "Pw": 0, "Ql": 0, "Rq": 0.0033333333333333335, "VM": 0, "WJ": 0, "XW": 0, "YK": 0, "ZJ": 0, "1R": 0, "2K": 0, "3M": 0, "41": 0, "5B": 0, "6n": 0, "7j": 0, "8m": 0, "9x": 0, "0v": 0, "gJY": 0, "jRR": 0, "kR5": 0, "lY5": 0, "mZO": 0, "n5R": 0, "o2j": 0, "pY2": 0.0033333333333333335, "qx2": 0, "rkE": 0.0033333333333333335, "v2m": 0, "wpR": 0.0033333333333333335, "xk9": 0.0033333333333333335, "yP7": 0.0033333333333333335, "zpY": 0, "ADO": 0, "BBX": 0, "Dkx": 0, "ERv": 0.0033333333333333335, "G67": 0, "J62": 0, "KrR": 0, "L9w": 0, "M8A": 0, "Nk6": 0, "OYp": 0, "PNw": 0, "QWl": 0, "R6q": 0, "VOM": 0, "W6J": 0.0033333333333333335, "XDW": 0, "YEK": 0, "Z6J": 0, "1wR": 0, "2kK": 0, "31M": 0, "4x1": 0, "5yB": 0, "68n": 0, "73j": 0, "82m": 0, "9rx": 0, "0Rv": 0, "g5Y": 0, "j2R": 0, "k55": 0, "lO5": 0, "mwO": 0, "nZR": 0, "oYj": 0, "pg2": 0, "qj2": 0.0033333333333333335, "r0E": 0, "vgm": 0, "wjR": 0, "g56": 0, "j25": 0.0033333333333333335, "k5X": 0, "lO6": 0.0033333333333333335, "mw0": 0, "nZl": 0, "oYK": 0, "pg6": 0.0033333333333333335, "qjr": 0, "r06": 0, "vgr": 0, "wjw": 0, "xGr": 0, "y8W": 0, "zm8": 0, "Anz": 0, "BgJ": 0, "DRn": 0, "Elk": 0, "GZ0": 0, "JZo": 0, "KOn": 0, "Lg4": 0, "Mj3": 0.0033333333333333335, "Nxz": 0, "O7N": 0, "P1n": 0, "Q1Y": 0, "RgR": 0.0033333333333333335, "Vm1": 0, "Wng": 0, "X6m": 0.0033333333333333335, "Yvp": 0, "ZV6": 0.0033333333333333335, "1rj": 0, "2vv": 0, "32Q": 0.0033333333333333335, "4R6": 0, "59R": 0, "6R9": 0, "7LA": 0.0033333333333333335, "86o": 0.0033333333333333335, "9Q3": 0.0033333333333333335, "0VX": 0, "gL6": 0, "jq5": 0.0033333333333333335, "kZX": 0.0033333333333333335, "l56": 0, "mQ0": 0, "nrl": 0, "oQK": 0.0033333333333333335, "pQ6": 0, "qYr": 0, "rR6": 0, "vor": 0, "wmw": 0,